LABEL;METRIC;STATISTIC;VALUE
Amygdala;DICE;MEAN;0.48664553717689285
Amygdala;DICE;STD;0.05375651063438777
Amygdala;HDRFDST;MEAN;12.181757885185851
Amygdala;HDRFDST;STD;1.246906101802519
Amygdala;JACRD;MEAN;0.32323664820466447
Amygdala;JACRD;STD;0.0470311990648345
Amygdala;PRCISON;MEAN;0.33099135847313227
Amygdala;PRCISON;STD;0.044211217142868076
Amygdala;SNSVTY;MEAN;0.9252328529614372
Amygdala;SNSVTY;STD;0.058958654826214714
GreyMatter;DICE;MEAN;0.6946902955116279
GreyMatter;DICE;STD;0.010607347461536229
GreyMatter;HDRFDST;MEAN;2.881303102607619
GreyMatter;HDRFDST;STD;0.3848277938295373
GreyMatter;JACRD;MEAN;0.532304688128382
GreyMatter;JACRD;STD;0.012461530615402453
GreyMatter;PRCISON;MEAN;0.5409772093396902
GreyMatter;PRCISON;STD;0.012421230385124722
GreyMatter;SNSVTY;MEAN;0.9707796061166325
GreyMatter;SNSVTY;STD;0.008050743566183545
Hippocampus;DICE;MEAN;0.481036960610359
Hippocampus;DICE;STD;0.021771459038770275
Hippocampus;HDRFDST;MEAN;11.602154686582466
Hippocampus;HDRFDST;STD;0.8000041428720933
Hippocampus;JACRD;MEAN;0.3169572058552781
Hippocampus;JACRD;STD;0.018802375338006355
Hippocampus;PRCISON;MEAN;0.31909189558426
Hippocampus;PRCISON;STD;0.019578803624177916
Hippocampus;SNSVTY;MEAN;0.9801975123720421
Hippocampus;SNSVTY;STD;0.015870816513885708
Thalamus;DICE;MEAN;0.7068394630448286
Thalamus;DICE;STD;0.027822694718139106
Thalamus;HDRFDST;MEAN;6.353377010304996
Thalamus;HDRFDST;STD;1.5279399742555189
Thalamus;JACRD;MEAN;0.5473191846486819
Thalamus;JACRD;STD;0.033511242371376836
Thalamus;PRCISON;MEAN;0.5523363920450592
Thalamus;PRCISON;STD;0.03578752460162492
Thalamus;SNSVTY;MEAN;0.9844195549341592
Thalamus;SNSVTY;STD;0.007813775112733458
WhiteMatter;DICE;MEAN;0.8230336966226475
WhiteMatter;DICE;STD;0.01874580417960452
WhiteMatter;HDRFDST;MEAN;2.7462394415091325
WhiteMatter;HDRFDST;STD;0.3977045761612627
WhiteMatter;JACRD;MEAN;0.6997132581565085
WhiteMatter;JACRD;STD;0.02695543893503866
WhiteMatter;PRCISON;MEAN;0.7210524882168476
WhiteMatter;PRCISON;STD;0.032694296107507084
WhiteMatter;SNSVTY;MEAN;0.9602017829435384
WhiteMatter;SNSVTY;STD;0.009523492588417618
